<?xml version="1.0" encoding="UTF-8"?>
<deploy xmlns="http://www.apache.org/ode/schemas/dd/2007/03" xmlns:addition.ws.fmi.unisofia.bg="http://addition.ws.fmi.unisofia.bg" xmlns:sample="http://wso2.org/bps/sample">
  <process name="sample:CalculationProcess">
    <active>true</active>
    <retired>false</retired>
    <process-events generate="all"/>
    <provide partnerLink="client">
      <service name="sample:CalculationProcess" port="CalculationProcessPort"/>
    </provide>
    <invoke partnerLink="AdditionPL">
      <service name="addition.ws.fmi.unisofia.bg:AdditionServiceSlow" port="AdditionServiceSlowHttpSoap12Endpoint"/>
    </invoke>
  </process>
</deploy>